"HealthTopic","Population","Indicator","Unit","Time","RegionCode","RegionName","NumValue","TxtValue"
"Chlamydia infection","Confirmed cases","Notification rate","N/100000","1990","DK","Denmark",207.812074940,""
"Chlamydia infection","Confirmed cases","Notification rate","N/100000","1990","ES","Spain",-,""
"Chlamydia infection","Confirmed cases","Notification rate","N/100000","1990","EU_EEA31","EU/EEA",100.891817000,""
"Chlamydia infection","Confirmed cases","Notification rate","N/100000","1990","SE","Sweden",313.872142480,""
"Chlamydia infection","Confirmed cases","Notification rate","N/100000","1990","UK","United Kingdom",59.511550050,""
"Chlamydia infection","Confirmed cases","Notification rate","N/100000","1991","DK","Denmark",253.960530990,""
"Chlamydia infection","Confirmed cases","Notification rate","N/100000","1991","EE","Estonia",25.833216920,""
"Chlamydia infection","Confirmed cases","Notification rate","N/100000","1991","ES","Spain",-,""
"Chlamydia infection","Confirmed cases","Notification rate","N/100000","1991","EU_EEA31","EU/EEA",95.857763000,""
"Chlamydia infection","Confirmed cases","Notification rate","N/100000","1991","SE","Sweden",244.289417650,""
"Chlamydia infection","Confirmed cases","Notification rate","N/100000","1991","UK","United Kingdom",61.343049850,""
"Chlamydia infection","Confirmed cases","Notification rate","N/100000","1992","DK","Denmark",295.130339700,""
"Chlamydia infection","Confirmed cases","Notification rate","N/100000","1992","EE","Estonia",12.476863130,""
"Chlamydia infection","Confirmed cases","Notification rate","N/100000","1992","ES","Spain",-,""
"Chlamydia infection","Confirmed cases","Notification rate","N/100000","1992","EU_EEA31","EU/EEA",89.493025000,""
"Chlamydia infection","Confirmed cases","Notification rate","N/100000","1992","SE","Sweden",197.590963560,""
"Chlamydia infection","Confirmed cases","Notification rate","N/100000","1992","UK","United Kingdom",56.870272100,""
"Chlamydia infection","Confirmed cases","Notification rate","N/100000","1993","DK","Denmark",233.427929580,""
"Chlamydia infection","Confirmed cases","Notification rate","N/100000","1993","EE","Estonia",76.225614580,""
"Chlamydia infection","Confirmed cases","Notification rate","N/100000","1993","ES","Spain",-,""
"Chlamydia infection","Confirmed cases","Notification rate","N/100000","1993","EU_EEA31","EU/EEA",77.178182000,""
"Chlamydia infection","Confirmed cases","Notification rate","N/100000","1993","IE","Ireland",0.028016170,""
"Chlamydia infection","Confirmed cases","Notification rate","N/100000","1993","LV","Latvia",101.559554080,""
"Chlamydia infection","Confirmed cases","Notification rate","N/100000","1993","SE","Sweden",172.146544180,""
"Chlamydia infection","Confirmed cases","Notification rate","N/100000","1993","UK","United Kingdom",52.526305210,""
"Chlamydia infection","Confirmed cases","Notification rate","N/100000","1994","DK","Denmark",266.883883860,""
"Chlamydia infection","Confirmed cases","Notification rate","N/100000","1994","EE","Estonia",286.400641320,""
"Chlamydia infection","Confirmed cases","Notification rate","N/100000","1994","ES","Spain",-,""
"Chlamydia infection","Confirmed cases","Notification rate","N/100000","1994","EU_EEA31","EU/EEA",89.006092000,""
"Chlamydia infection","Confirmed cases","Notification rate","N/100000","1994","LV","Latvia",155.062922480,""
"Chlamydia infection","Confirmed cases","Notification rate","N/100000","1994","SE","Sweden",155.812809190,""
"Chlamydia infection","Confirmed cases","Notification rate","N/100000","1994","UK","United Kingdom",54.950838680,""
"Chlamydia infection","Confirmed cases","Notification rate","N/100000","1995","DK","Denmark",249.975171200,""
"Chlamydia infection","Confirmed cases","Notification rate","N/100000","1995","EE","Estonia",369.317887540,""
"Chlamydia infection","Confirmed cases","Notification rate","N/100000","1995","ES","Spain",-,""
"Chlamydia infection","Confirmed cases","Notification rate","N/100000","1995","EU_EEA31","EU/EEA",85.922304000,""
"Chlamydia infection","Confirmed cases","Notification rate","N/100000","1995","IE","Ireland",6.837859610,""
"Chlamydia infection","Confirmed cases","Notification rate","N/100000","1995","LV","Latvia",180.758064120,""
"Chlamydia infection","Confirmed cases","Notification rate","N/100000","1995","SE","Sweden",156.356672870,""
"Chlamydia infection","Confirmed cases","Notification rate","N/100000","1995","UK","United Kingdom",54.173488250,""
"Chlamydia infection","Confirmed cases","Notification rate","N/100000","1996","DK","Denmark",254.597814860,""
"Chlamydia infection","Confirmed cases","Notification rate","N/100000","1996","EE","Estonia",348.795109710,""
"Chlamydia infection","Confirmed cases","Notification rate","N/100000","1996","ES","Spain",-,""
"Chlamydia infection","Confirmed cases","Notification rate","N/100000","1996","EU_EEA31","EU/EEA",91.577070000,""
"Chlamydia infection","Confirmed cases","Notification rate","N/100000","1996","IE","Ireland",10.055068070,""
"Chlamydia infection","Confirmed cases","Notification rate","N/100000","1996","LV","Latvia",140.512510270,""
"Chlamydia infection","Confirmed cases","Notification rate","N/100000","1996","SE","Sweden",158.042504340,""
"Chlamydia infection","Confirmed cases","Notification rate","N/100000","1996","UK","United Kingdom",63.420710770,""
"Chlamydia infection","Confirmed cases","Notification rate","N/100000","1997","DK","Denmark",257.738163730,""
"Chlamydia infection","Confirmed cases","Notification rate","N/100000","1997","EE","Estonia",281.224128660,""
"Chlamydia infection","Confirmed cases","Notification rate","N/100000","1997","ES","Spain",-,""
"Chlamydia infection","Confirmed cases","Notification rate","N/100000","1997","EU_EEA31","EU/EEA",98.733795000,""
"Chlamydia infection","Confirmed cases","Notification rate","N/100000","1997","IE","Ireland",12.640374500,""
"Chlamydia infection","Confirmed cases","Notification rate","N/100000","1997","IS","Iceland",585.828942390,""
"Chlamydia infection","Confirmed cases","Notification rate","N/100000","1997","LV","Latvia",72.804256340,""
"Chlamydia infection","Confirmed cases","Notification rate","N/100000","1997","SE","Sweden",158.787965260,""
"Chlamydia infection","Confirmed cases","Notification rate","N/100000","1997","UK","United Kingdom",75.040378220,""
"Chlamydia infection","Confirmed cases","Notification rate","N/100000","1998","DK","Denmark",242.329353370,""
"Chlamydia infection","Confirmed cases","Notification rate","N/100000","1998","EE","Estonia",281.176735760,""
"Chlamydia infection","Confirmed cases","Notification rate","N/100000","1998","ES","Spain",-,""
"Chlamydia infection","Confirmed cases","Notification rate","N/100000","1998","EU_EEA31","EU/EEA",106.817123000,""
"Chlamydia infection","Confirmed cases","Notification rate","N/100000","1998","IE","Ireland",17.490725310,""
"Chlamydia infection","Confirmed cases","Notification rate","N/100000","1998","IS","Iceland",568.688711760,""
"Chlamydia infection","Confirmed cases","Notification rate","N/100000","1998","LV","Latvia",56.469192480,""
"Chlamydia infection","Confirmed cases","Notification rate","N/100000","1998","SE","Sweden",176.250688740,""
"Chlamydia infection","Confirmed cases","Notification rate","N/100000","1998","UK","United Kingdom",85.432562970,""
"Chlamydia infection","Confirmed cases","Notification rate","N/100000","1999","DK","Denmark",262.158617440,""
"Chlamydia infection","Confirmed cases","Notification rate","N/100000","1999","EE","Estonia",254.271020860,""
"Chlamydia infection","Confirmed cases","Notification rate","N/100000","1999","ES","Spain",-,""
"Chlamydia infection","Confirmed cases","Notification rate","N/100000","1999","EU_EEA31","EU/EEA",119.193451000,""
"Chlamydia infection","Confirmed cases","Notification rate","N/100000","1999","IE","Ireland",23.311859620,""
"Chlamydia infection","Confirmed cases","Notification rate","N/100000","1999","IS","Iceland",611.870357470,""
"Chlamydia infection","Confirmed cases","Notification rate","N/100000","1999","LV","Latvia",30.217801570,""
"Chlamydia infection","Confirmed cases","Notification rate","N/100000","1999","SE","Sweden",190.325131610,""
"Chlamydia infection","Confirmed cases","Notification rate","N/100000","1999","UK","United Kingdom",99.727405490,""
"Chlamydia infection","Confirmed cases","Notification rate","N/100000","2000","DK","Denmark",277.409840860,""
"Chlamydia infection","Confirmed cases","Notification rate","N/100000","2000","EE","Estonia",271.614629790,""
"Chlamydia infection","Confirmed cases","Notification rate","N/100000","2000","ES","Spain",-,""
"Chlamydia infection","Confirmed cases","Notification rate","N/100000","2000","EU_EEA31","EU/EEA",143.700997000,""
"Chlamydia infection","Confirmed cases","Notification rate","N/100000","2000","FI","Finland",226.809418590,""
"Chlamydia infection","Confirmed cases","Notification rate","N/100000","2000","HU","Hungary",-,""
"Chlamydia infection","Confirmed cases","Notification rate","N/100000","2000","IE","Ireland",35.604946570,""
"Chlamydia infection","Confirmed cases","Notification rate","N/100000","2000","IS","Iceland",651.856842340,""
"Chlamydia infection","Confirmed cases","Notification rate","N/100000","2000","LV","Latvia",27.165298950,""
"Chlamydia infection","Confirmed cases","Notification rate","N/100000","2000","SE","Sweden",219.061807880,""
"Chlamydia infection","Confirmed cases","Notification rate","N/100000","2000","UK","United Kingdom",119.113221020,""
"Chlamydia infection","Confirmed cases","Notification rate","N/100000","2001","DK","Denmark",283.275368400,""
"Chlamydia infection","Confirmed cases","Notification rate","N/100000","2001","EE","Estonia",307.527715540,""
"Chlamydia infection","Confirmed cases","Notification rate","N/100000","2001","ES","Spain",-,""
"Chlamydia infection","Confirmed cases","Notification rate","N/100000","2001","EU_EEA31","EU/EEA",158.196193000,""
"Chlamydia infection","Confirmed cases","Notification rate","N/100000","2001","FI","Finland",234.370400960,""
"Chlamydia infection","Confirmed cases","Notification rate","N/100000","2001","FR","France",-,""
"Chlamydia infection","Confirmed cases","Notification rate","N/100000","2001","HU","Hungary",-,""
"Chlamydia infection","Confirmed cases","Notification rate","N/100000","2001","IE","Ireland",43.023567990,""
"Chlamydia infection","Confirmed cases","Notification rate","N/100000","2001","IS","Iceland",749.220958420,""
"Chlamydia infection","Confirmed cases","Notification rate","N/100000","2001","LV","Latvia",25.027789760,""
"Chlamydia infection","Confirmed cases","Notification rate","N/100000","2001","SE","Sweden",252.127934550,""
"Chlamydia infection","Confirmed cases","Notification rate","N/100000","2001","UK","United Kingdom",132.454728940,""
"Chlamydia infection","Confirmed cases","Notification rate","N/100000","2002","DK","Denmark",301.861613440,""
"Chlamydia infection","Confirmed cases","Notification rate","N/100000","2002","EE","Estonia",297.359614310,""
"Chlamydia infection","Confirmed cases","Notification rate","N/100000","2002","ES","Spain",-,""
"Chlamydia infection","Confirmed cases","Notification rate","N/100000","2002","EU_EEA31","EU/EEA",176.028019000,""
"Chlamydia infection","Confirmed cases","Notification rate","N/100000","2002","FI","Finland",263.065648410,""
"Chlamydia infection","Confirmed cases","Notification rate","N/100000","2002","FR","France",-,""
"Chlamydia infection","Confirmed cases","Notification rate","N/100000","2002","HU","Hungary",-,""
"Chlamydia infection","Confirmed cases","Notification rate","N/100000","2002","IE","Ireland",49.337103190,""
"Chlamydia infection","Confirmed cases","Notification rate","N/100000","2002","IS","Iceland",728.605077200,""
"Chlamydia infection","Confirmed cases","Notification rate","N/100000","2002","LV","Latvia",25.075873900,""
"Chlamydia infection","Confirmed cases","Notification rate","N/100000","2002","SE","Sweden",277.636599220,""
"Chlamydia infection","Confirmed cases","Notification rate","N/100000","2002","UK","United Kingdom",150.458568530,""
"Chlamydia infection","Confirmed cases","Notification rate","N/100000","2003","DK","Denmark",340.911602780,""
"Chlamydia infection","Confirmed cases","Notification rate","N/100000","2003","EE","Estonia",215.897439620,""
"Chlamydia infection","Confirmed cases","Notification rate","N/100000","2003","ES","Spain",-,""
"Chlamydia infection","Confirmed cases","Notification rate","N/100000","2003","EU_EEA31","EU/EEA",181.086061000,""
"Chlamydia infection","Confirmed cases","Notification rate","N/100000","2003","FI","Finland",247.123914410,""
"Chlamydia infection","Confirmed cases","Notification rate","N/100000","2003","FR","France",-,""
"Chlamydia infection","Confirmed cases","Notification rate","N/100000","2003","HU","Hungary",-,""
"Chlamydia infection","Confirmed cases","Notification rate","N/100000","2003","IE","Ireland",56.959919430,""
"Chlamydia infection","Confirmed cases","Notification rate","N/100000","2003","IS","Iceland",567.821375450,""
"Chlamydia infection","Confirmed cases","Notification rate","N/100000","2003","LT","Lithuania",11.365302080,""
"Chlamydia infection","Confirmed cases","Notification rate","N/100000","2003","LV","Latvia",21.831877150,""
"Chlamydia infection","Confirmed cases","Notification rate","N/100000","2003","SE","Sweden",302.814472280,""
"Chlamydia infection","Confirmed cases","Notification rate","N/100000","2003","UK","United Kingdom",164.088592610,""
"Chlamydia infection","Confirmed cases","Notification rate","N/100000","2004","DK","Denmark",400.693636470,""
"Chlamydia infection","Confirmed cases","Notification rate","N/100000","2004","EE","Estonia",202.817932290,""
"Chlamydia infection","Confirmed cases","Notification rate","N/100000","2004","ES","Spain",-,""
"Chlamydia infection","Confirmed cases","Notification rate","N/100000","2004","EU_EEA31","EU/EEA",162.017919000,""
"Chlamydia infection","Confirmed cases","Notification rate","N/100000","2004","FI","Finland",256.296683430,""
"Chlamydia infection","Confirmed cases","Notification rate","N/100000","2004","FR","France",-,""
"Chlamydia infection","Confirmed cases","Notification rate","N/100000","2004","HU","Hungary",-,""
"Chlamydia infection","Confirmed cases","Notification rate","N/100000","2004","IE","Ireland",69.573186000,""
"Chlamydia infection","Confirmed cases","Notification rate","N/100000","2004","IS","Iceland",597.446398450,""
"Chlamydia infection","Confirmed cases","Notification rate","N/100000","2004","LT","Lithuania",11.944939120,""
"Chlamydia infection","Confirmed cases","Notification rate","N/100000","2004","LV","Latvia",23.193295020,""
"Chlamydia infection","Confirmed cases","Notification rate","N/100000","2004","NL","Netherlands",-,""
"Chlamydia infection","Confirmed cases","Notification rate","N/100000","2004","RO","Romania",0.023232960,""
"Chlamydia infection","Confirmed cases","Notification rate","N/100000","2004","SE","Sweden",359.382642180,""
"Chlamydia infection","Confirmed cases","Notification rate","N/100000","2004","UK","United Kingdom",177.918233900,""
"Chlamydia infection","Confirmed cases","Notification rate","N/100000","2005","DK","Denmark",441.308680460,""
"Chlamydia infection","Confirmed cases","Notification rate","N/100000","2005","EE","Estonia",186.996357210,""
"Chlamydia infection","Confirmed cases","Notification rate","N/100000","2005","ES","Spain",-,""
"Chlamydia infection","Confirmed cases","Notification rate","N/100000","2005","EU_EEA31","EU/EEA",164.869003000,""
"Chlamydia infection","Confirmed cases","Notification rate","N/100000","2005","FI","Finland",243.363503600,""
"Chlamydia infection","Confirmed cases","Notification rate","N/100000","2005","FR","France",-,""
"Chlamydia infection","Confirmed cases","Notification rate","N/100000","2005","HU","Hungary",-,""
"Chlamydia infection","Confirmed cases","Notification rate","N/100000","2005","IE","Ireland",81.548333620,""
"Chlamydia infection","Confirmed cases","Notification rate","N/100000","2005","IS","Iceland",552.495597400,""
"Chlamydia infection","Confirmed cases","Notification rate","N/100000","2005","LT","Lithuania",16.779823670,""
"Chlamydia infection","Confirmed cases","Notification rate","N/100000","2005","LV","Latvia",32.403974880,""
"Chlamydia infection","Confirmed cases","Notification rate","N/100000","2005","MT","Malta",1.241717740,""
"Chlamydia infection","Confirmed cases","Notification rate","N/100000","2005","NL","Netherlands",-,""
"Chlamydia infection","Confirmed cases","Notification rate","N/100000","2005","RO","Romania",0.724896800,""
"Chlamydia infection","Confirmed cases","Notification rate","N/100000","2005","SE","Sweden",364.250051490,""
"Chlamydia infection","Confirmed cases","Notification rate","N/100000","2005","SI","Slovenia",0.450542900,""
"Chlamydia infection","Confirmed cases","Notification rate","N/100000","2005","UK","United Kingdom",184.709560400,""
"Chlamydia infection","Confirmed cases","Notification rate","N/100000","2006","AT","Austria",1.587051980,""
"Chlamydia infection","Confirmed cases","Notification rate","N/100000","2006","BE","Belgium",-,""
"Chlamydia infection","Confirmed cases","Notification rate","N/100000","2006","CY","Cyprus",0.806437520,""
"Chlamydia infection","Confirmed cases","Notification rate","N/100000","2006","DK","Denmark",458.151779680,""
"Chlamydia infection","Confirmed cases","Notification rate","N/100000","2006","EE","Estonia",187.236247870,""
"Chlamydia infection","Confirmed cases","Notification rate","N/100000","2006","ES","Spain",-,""
"Chlamydia infection","Confirmed cases","Notification rate","N/100000","2006","EU_EEA31","EU/EEA",125.879483000,""
"Chlamydia infection","Confirmed cases","Notification rate","N/100000","2006","FI","Finland",264.062196750,""
"Chlamydia infection","Confirmed cases","Notification rate","N/100000","2006","FR","France",-,""
"Chlamydia infection","Confirmed cases","Notification rate","N/100000","2006","HU","Hungary",-,""
"Chlamydia infection","Confirmed cases","Notification rate","N/100000","2006","IE","Ireland",74.712059150,""
"Chlamydia infection","Confirmed cases","Notification rate","N/100000","2006","IS","Iceland",576.209356060,""
"Chlamydia infection","Confirmed cases","Notification rate","N/100000","2006","LT","Lithuania",16.900543640,""
"Chlamydia infection","Confirmed cases","Notification rate","N/100000","2006","LU","Luxembourg",0.213180520,""
"Chlamydia infection","Confirmed cases","Notification rate","N/100000","2006","LV","Latvia",36.806390300,""
"Chlamydia infection","Confirmed cases","Notification rate","N/100000","2006","MT","Malta",10.617310160,""
"Chlamydia infection","Confirmed cases","Notification rate","N/100000","2006","NL","Netherlands",-,""
"Chlamydia infection","Confirmed cases","Notification rate","N/100000","2006","NO","Norway",458.146479720,""
"Chlamydia infection","Confirmed cases","Notification rate","N/100000","2006","PL","Poland",1.603897360,""
"Chlamydia infection","Confirmed cases","Notification rate","N/100000","2006","RO","Romania",1.119630330,""
"Chlamydia infection","Confirmed cases","Notification rate","N/100000","2006","SE","Sweden",359.592084310,""
"Chlamydia infection","Confirmed cases","Notification rate","N/100000","2006","SI","Slovenia",7.287763840,""
"Chlamydia infection","Confirmed cases","Notification rate","N/100000","2006","SK","Slovakia",1.135321370,""
"Chlamydia infection","Confirmed cases","Notification rate","N/100000","2006","UK","United Kingdom",190.129187780,""
"Chlamydia infection","Confirmed cases","Notification rate","N/100000","2007","AT","Austria",-,""
"Chlamydia infection","Confirmed cases","Notification rate","N/100000","2007","BE","Belgium",-,""
"Chlamydia infection","Confirmed cases","Notification rate","N/100000","2007","CY","Cyprus",0.000000000,""
"Chlamydia infection","Confirmed cases","Notification rate","N/100000","2007","DK","Denmark",473.556126540,""
"Chlamydia infection","Confirmed cases","Notification rate","N/100000","2007","EE","Estonia",188.842224400,""
"Chlamydia infection","Confirmed cases","Notification rate","N/100000","2007","ES","Spain",-,""
"Chlamydia infection","Confirmed cases","Notification rate","N/100000","2007","EU_EEA31","EU/EEA",147.396118000,""
"Chlamydia infection","Confirmed cases","Notification rate","N/100000","2007","FI","Finland",264.698107140,""
"Chlamydia infection","Confirmed cases","Notification rate","N/100000","2007","FR","France",-,""
"Chlamydia infection","Confirmed cases","Notification rate","N/100000","2007","HU","Hungary",-,""
"Chlamydia infection","Confirmed cases","Notification rate","N/100000","2007","IE","Ireland",115.734180490,""
"Chlamydia infection","Confirmed cases","Notification rate","N/100000","2007","IS","Iceland",589.263891410,""
"Chlamydia infection","Confirmed cases","Notification rate","N/100000","2007","LT","Lithuania",12.400064860,""
"Chlamydia infection","Confirmed cases","Notification rate","N/100000","2007","LU","Luxembourg",0.000000000,""
"Chlamydia infection","Confirmed cases","Notification rate","N/100000","2007","LV","Latvia",32.415204360,""
"Chlamydia infection","Confirmed cases","Notification rate","N/100000","2007","MT","Malta",17.257701860,""
"Chlamydia infection","Confirmed cases","Notification rate","N/100000","2007","NL","Netherlands",-,""
"Chlamydia infection","Confirmed cases","Notification rate","N/100000","2007","NO","Norway",488.065498650,""
"Chlamydia infection","Confirmed cases","Notification rate","N/100000","2007","PL","Poland",1.644569500,""
"Chlamydia infection","Confirmed cases","Notification rate","N/100000","2007","RO","Romania",0.544236920,""
"Chlamydia infection","Confirmed cases","Notification rate","N/100000","2007","SE","Sweden",503.200996080,""
"Chlamydia infection","Confirmed cases","Notification rate","N/100000","2007","SI","Slovenia",9.848898980,""
"Chlamydia infection","Confirmed cases","Notification rate","N/100000","2007","SK","Slovakia",1.451654320,""
"Chlamydia infection","Confirmed cases","Notification rate","N/100000","2007","UK","United Kingdom",202.427316860,""
"Chlamydia infection","Confirmed cases","Notification rate","N/100000","2008","AT","Austria",-,""
"Chlamydia infection","Confirmed cases","Notification rate","N/100000","2008","BE","Belgium",-,""
"Chlamydia infection","Confirmed cases","Notification rate","N/100000","2008","CY","Cyprus",0.128810700,""
"Chlamydia infection","Confirmed cases","Notification rate","N/100000","2008","DK","Denmark",531.722266240,""
"Chlamydia infection","Confirmed cases","Notification rate","N/100000","2008","EE","Estonia",164.818744200,""
"Chlamydia infection","Confirmed cases","Notification rate","N/100000","2008","EL","Greece",0.641898600,""
"Chlamydia infection","Confirmed cases","Notification rate","N/100000","2008","ES","Spain",-,""
"Chlamydia infection","Confirmed cases","Notification rate","N/100000","2008","EU_EEA31","EU/EEA",185.854624000,""
"Chlamydia infection","Confirmed cases","Notification rate","N/100000","2008","FI","Finland",261.730815520,""
"Chlamydia infection","Confirmed cases","Notification rate","N/100000","2008","FR","France",-,""
"Chlamydia infection","Confirmed cases","Notification rate","N/100000","2008","HU","Hungary",-,""
"Chlamydia infection","Confirmed cases","Notification rate","N/100000","2008","IE","Ireland",141.102099370,""
"Chlamydia infection","Confirmed cases","Notification rate","N/100000","2008","IS","Iceland",581.375075680,""
"Chlamydia infection","Confirmed cases","Notification rate","N/100000","2008","LT","Lithuania",12.544337070,""
"Chlamydia infection","Confirmed cases","Notification rate","N/100000","2008","LU","Luxembourg",0.826789630,""
"Chlamydia infection","Confirmed cases","Notification rate","N/100000","2008","LV","Latvia",34.218294460,""
"Chlamydia infection","Confirmed cases","Notification rate","N/100000","2008","MT","Malta",26.481492370,""
"Chlamydia infection","Confirmed cases","Notification rate","N/100000","2008","NL","Netherlands",-,""
"Chlamydia infection","Confirmed cases","Notification rate","N/100000","2008","NO","Norway",495.823351100,""
"Chlamydia infection","Confirmed cases","Notification rate","N/100000","2008","PL","Poland",1.823398430,""
"Chlamydia infection","Confirmed cases","Notification rate","N/100000","2008","RO","Romania",0.615445450,""
"Chlamydia infection","Confirmed cases","Notification rate","N/100000","2008","SE","Sweden",465.897202490,""
"Chlamydia infection","Confirmed cases","Notification rate","N/100000","2008","SI","Slovenia",5.969350370,""
"Chlamydia infection","Confirmed cases","Notification rate","N/100000","2008","SK","Slovakia",1.953101740,""
"Chlamydia infection","Confirmed cases","Notification rate","N/100000","2008","UK","United Kingdom",335.120156840,""
"Chlamydia infection","Confirmed cases","Notification rate","N/100000","2009","AT","Austria",-,""
"Chlamydia infection","Confirmed cases","Notification rate","N/100000","2009","BE","Belgium",-,""
"Chlamydia infection","Confirmed cases","Notification rate","N/100000","2009","CY","Cyprus",0.501926140,""
"Chlamydia infection","Confirmed cases","Notification rate","N/100000","2009","DK","Denmark",541.146061170,""
"Chlamydia infection","Confirmed cases","Notification rate","N/100000","2009","EE","Estonia",149.954332420,""
"Chlamydia infection","Confirmed cases","Notification rate","N/100000","2009","EL","Greece",2.947341280,""
"Chlamydia infection","Confirmed cases","Notification rate","N/100000","2009","ES","Spain",-,""
"Chlamydia infection","Confirmed cases","Notification rate","N/100000","2009","EU_EEA31","EU/EEA",189.149131000,""
"Chlamydia infection","Confirmed cases","Notification rate","N/100000","2009","FI","Finland",250.022811270,""
"Chlamydia infection","Confirmed cases","Notification rate","N/100000","2009","FR","France",-,""
"Chlamydia infection","Confirmed cases","Notification rate","N/100000","2009","HU","Hungary",-,""
"Chlamydia infection","Confirmed cases","Notification rate","N/100000","2009","IE","Ireland",127.860833620,""
"Chlamydia infection","Confirmed cases","Notification rate","N/100000","2009","IS","Iceland",711.091906510,""
"Chlamydia infection","Confirmed cases","Notification rate","N/100000","2009","IT","Italy",-,""
"Chlamydia infection","Confirmed cases","Notification rate","N/100000","2009","LT","Lithuania",10.239156540,""
"Chlamydia infection","Confirmed cases","Notification rate","N/100000","2009","LU","Luxembourg",0.000000000,""
"Chlamydia infection","Confirmed cases","Notification rate","N/100000","2009","LV","Latvia",52.801093380,""
"Chlamydia infection","Confirmed cases","Notification rate","N/100000","2009","MT","Malta",16.304638790,""
"Chlamydia infection","Confirmed cases","Notification rate","N/100000","2009","NL","Netherlands",-,""
"Chlamydia infection","Confirmed cases","Notification rate","N/100000","2009","NO","Norway",474.115549670,""
"Chlamydia infection","Confirmed cases","Notification rate","N/100000","2009","PL","Poland",2.380960120,""
"Chlamydia infection","Confirmed cases","Notification rate","N/100000","2009","RO","Romania",0.445199160,""
"Chlamydia infection","Confirmed cases","Notification rate","N/100000","2009","SE","Sweden",408.055143130,""
"Chlamydia infection","Confirmed cases","Notification rate","N/100000","2009","SI","Slovenia",6.642517420,""
"Chlamydia infection","Confirmed cases","Notification rate","N/100000","2009","SK","Slovakia",4.236027750,""
"Chlamydia infection","Confirmed cases","Notification rate","N/100000","2009","UK","United Kingdom",351.870979460,""
"Chlamydia infection","Confirmed cases","Notification rate","N/100000","2010","AT","Austria",-,""
"Chlamydia infection","Confirmed cases","Notification rate","N/100000","2010","BE","Belgium",-,""
"Chlamydia infection","Confirmed cases","Notification rate","N/100000","2010","BG","Bulgaria",0.660220220,""
"Chlamydia infection","Confirmed cases","Notification rate","N/100000","2010","CY","Cyprus",0.366237760,""
"Chlamydia infection","Confirmed cases","Notification rate","N/100000","2010","DK","Denmark",504.992286890,""
"Chlamydia infection","Confirmed cases","Notification rate","N/100000","2010","EE","Estonia",129.679214570,""
"Chlamydia infection","Confirmed cases","Notification rate","N/100000","2010","EL","Greece",5.908651170,""
"Chlamydia infection","Confirmed cases","Notification rate","N/100000","2010","ES","Spain",-,""
"Chlamydia infection","Confirmed cases","Notification rate","N/100000","2010","EU_EEA31","EU/EEA",178.845565000,""
"Chlamydia infection","Confirmed cases","Notification rate","N/100000","2010","FI","Finland",239.655703040,""
"Chlamydia infection","Confirmed cases","Notification rate","N/100000","2010","FR","France",-,""
"Chlamydia infection","Confirmed cases","Notification rate","N/100000","2010","HU","Hungary",-,""
"Chlamydia infection","Confirmed cases","Notification rate","N/100000","2010","IE","Ireland",118.674259700,""
"Chlamydia infection","Confirmed cases","Notification rate","N/100000","2010","IS","Iceland",691.685294210,""
"Chlamydia infection","Confirmed cases","Notification rate","N/100000","2010","IT","Italy",-,""
"Chlamydia infection","Confirmed cases","Notification rate","N/100000","2010","LT","Lithuania",11.680547520,""
"Chlamydia infection","Confirmed cases","Notification rate","N/100000","2010","LU","Luxembourg",0.398354000,""
"Chlamydia infection","Confirmed cases","Notification rate","N/100000","2010","LV","Latvia",47.158600030,""
"Chlamydia infection","Confirmed cases","Notification rate","N/100000","2010","MT","Malta",33.331159560,""
"Chlamydia infection","Confirmed cases","Notification rate","N/100000","2010","NL","Netherlands",-,""
"Chlamydia infection","Confirmed cases","Notification rate","N/100000","2010","NO","Norway",463.690351090,""
"Chlamydia infection","Confirmed cases","Notification rate","N/100000","2010","PL","Poland",1.417567930,""
"Chlamydia infection","Confirmed cases","Notification rate","N/100000","2010","RO","Romania",0.477957690,""
"Chlamydia infection","Confirmed cases","Notification rate","N/100000","2010","SE","Sweden",395.388687890,""
"Chlamydia infection","Confirmed cases","Notification rate","N/100000","2010","SI","Slovenia",8.598049020,""
"Chlamydia infection","Confirmed cases","Notification rate","N/100000","2010","SK","Slovakia",3.487675330,""
"Chlamydia infection","Confirmed cases","Notification rate","N/100000","2010","UK","United Kingdom",349.141436870,""
"Chlamydia infection","Confirmed cases","Notification rate","N/100000","2011","AT","Austria",-,""
"Chlamydia infection","Confirmed cases","Notification rate","N/100000","2011","BE","Belgium",-,""
"Chlamydia infection","Confirmed cases","Notification rate","N/100000","2011","BG","Bulgaria",0.746326270,""
"Chlamydia infection","Confirmed cases","Notification rate","N/100000","2011","CY","Cyprus",0.714497510,""
"Chlamydia infection","Confirmed cases","Notification rate","N/100000","2011","DK","Denmark",478.668956090,""
"Chlamydia infection","Confirmed cases","Notification rate","N/100000","2011","EE","Estonia",133.492772580,""
"Chlamydia infection","Confirmed cases","Notification rate","N/100000","2011","EL","Greece",4.513011850,""
"Chlamydia infection","Confirmed cases","Notification rate","N/100000","2011","ES","Spain",-,""
"Chlamydia infection","Confirmed cases","Notification rate","N/100000","2011","EU_EEA31","EU/EEA",178.104698000,""
"Chlamydia infection","Confirmed cases","Notification rate","N/100000","2011","FI","Finland",254.238107950,""
"Chlamydia infection","Confirmed cases","Notification rate","N/100000","2011","FR","France",-,""
"Chlamydia infection","Confirmed cases","Notification rate","N/100000","2011","HU","Hungary",-,""
"Chlamydia infection","Confirmed cases","Notification rate","N/100000","2011","IE","Ireland",140.191792340,""
"Chlamydia infection","Confirmed cases","Notification rate","N/100000","2011","IS","Iceland",656.613869590,""
"Chlamydia infection","Confirmed cases","Notification rate","N/100000","2011","IT","Italy",-,""
"Chlamydia infection","Confirmed cases","Notification rate","N/100000","2011","LT","Lithuania",11.236367300,""
"Chlamydia infection","Confirmed cases","Notification rate","N/100000","2011","LU","Luxembourg",0.195373550,""
"Chlamydia infection","Confirmed cases","Notification rate","N/100000","2011","LV","Latvia",75.436046860,""
"Chlamydia infection","Confirmed cases","Notification rate","N/100000","2011","MT","Malta",35.181655410,""
"Chlamydia infection","Confirmed cases","Notification rate","N/100000","2011","NL","Netherlands",-,""
"Chlamydia infection","Confirmed cases","Notification rate","N/100000","2011","NO","Norway",457.898443280,""
"Chlamydia infection","Confirmed cases","Notification rate","N/100000","2011","PL","Poland",0.838090430,""
"Chlamydia infection","Confirmed cases","Notification rate","N/100000","2011","RO","Romania",0.658446510,""
"Chlamydia infection","Confirmed cases","Notification rate","N/100000","2011","SE","Sweden",395.748743830,""
"Chlamydia infection","Confirmed cases","Notification rate","N/100000","2011","SI","Slovenia",11.316029880,""
"Chlamydia infection","Confirmed cases","Notification rate","N/100000","2011","SK","Slovakia",5.656060340,""
"Chlamydia infection","Confirmed cases","Notification rate","N/100000","2011","UK","United Kingdom",343.708818300,""
"Chlamydia infection","Confirmed cases","Notification rate","N/100000","2012","BE","Belgium",-,""
"Chlamydia infection","Confirmed cases","Notification rate","N/100000","2012","BG","Bulgaria",1.787853080,""
"Chlamydia infection","Confirmed cases","Notification rate","N/100000","2012","CY","Cyprus",1.160078000,""
"Chlamydia infection","Confirmed cases","Notification rate","N/100000","2012","DK","Denmark",472.805740540,""
"Chlamydia infection","Confirmed cases","Notification rate","N/100000","2012","EE","Estonia",122.545967940,""
"Chlamydia infection","Confirmed cases","Notification rate","N/100000","2012","EL","Greece",3.571942070,""
"Chlamydia infection","Confirmed cases","Notification rate","N/100000","2012","ES","Spain",-,""
"Chlamydia infection","Confirmed cases","Notification rate","N/100000","2012","EU_EEA31","EU/EEA",186.063742000,""
"Chlamydia infection","Confirmed cases","Notification rate","N/100000","2012","FI","Finland",245.257270190,""
"Chlamydia infection","Confirmed cases","Notification rate","N/100000","2012","FR","France",-,""
"Chlamydia infection","Confirmed cases","Notification rate","N/100000","2012","HR","Croatia",7.132861110,""
"Chlamydia infection","Confirmed cases","Notification rate","N/100000","2012","HU","Hungary",-,""
"Chlamydia infection","Confirmed cases","Notification rate","N/100000","2012","IE","Ireland",134.705020620,""
"Chlamydia infection","Confirmed cases","Notification rate","N/100000","2012","IS","Iceland",600.172103570,""
"Chlamydia infection","Confirmed cases","Notification rate","N/100000","2012","IT","Italy",-,""
"Chlamydia infection","Confirmed cases","Notification rate","N/100000","2012","LT","Lithuania",8.822625600,""
"Chlamydia infection","Confirmed cases","Notification rate","N/100000","2012","LU","Luxembourg",0.762118150,""
"Chlamydia infection","Confirmed cases","Notification rate","N/100000","2012","LV","Latvia",85.435685310,""
"Chlamydia infection","Confirmed cases","Notification rate","N/100000","2012","MT","Malta",37.600647590,""
"Chlamydia infection","Confirmed cases","Notification rate","N/100000","2012","NL","Netherlands",-,""
"Chlamydia infection","Confirmed cases","Notification rate","N/100000","2012","NO","Norway",430.998000340,""
"Chlamydia infection","Confirmed cases","Notification rate","N/100000","2012","PL","Poland",0.824930940,""
"Chlamydia infection","Confirmed cases","Notification rate","N/100000","2012","RO","Romania",0.293590820,""
"Chlamydia infection","Confirmed cases","Notification rate","N/100000","2012","SE","Sweden",398.329406070,""
"Chlamydia infection","Confirmed cases","Notification rate","N/100000","2012","SI","Slovenia",12.113864480,""
"Chlamydia infection","Confirmed cases","Notification rate","N/100000","2012","SK","Slovakia",13.951796350,""
"Chlamydia infection","Confirmed cases","Notification rate","N/100000","2012","UK","United Kingdom",379.790008320,""
"Chlamydia infection","Confirmed cases","Notification rate","N/100000","2013","BE","Belgium",-,""
"Chlamydia infection","Confirmed cases","Notification rate","N/100000","2013","BG","Bulgaria",4.434040690,""
"Chlamydia infection","Confirmed cases","Notification rate","N/100000","2013","CY","Cyprus",0.230979420,""
"Chlamydia infection","Confirmed cases","Notification rate","N/100000","2013","DK","Denmark",494.107408160,""
"Chlamydia infection","Confirmed cases","Notification rate","N/100000","2013","EE","Estonia",119.681193530,""
"Chlamydia infection","Confirmed cases","Notification rate","N/100000","2013","EL","Greece",4.416730310,""
"Chlamydia infection","Confirmed cases","Notification rate","N/100000","2013","ES","Spain",-,""
"Chlamydia infection","Confirmed cases","Notification rate","N/100000","2013","EU_EEA31","EU/EEA",186.248916000,""
"Chlamydia infection","Confirmed cases","Notification rate","N/100000","2013","FI","Finland",243.537754430,""
"Chlamydia infection","Confirmed cases","Notification rate","N/100000","2013","FR","France",-,""
"Chlamydia infection","Confirmed cases","Notification rate","N/100000","2013","HR","Croatia",8.352611590,""
"Chlamydia infection","Confirmed cases","Notification rate","N/100000","2013","HU","Hungary",-,""
"Chlamydia infection","Confirmed cases","Notification rate","N/100000","2013","IE","Ireland",136.535829590,""
"Chlamydia infection","Confirmed cases","Notification rate","N/100000","2013","IS","Iceland",677.008733690,""
"Chlamydia infection","Confirmed cases","Notification rate","N/100000","2013","IT","Italy",-,""
"Chlamydia infection","Confirmed cases","Notification rate","N/100000","2013","LT","Lithuania",10.296426020,""
"Chlamydia infection","Confirmed cases","Notification rate","N/100000","2013","LU","Luxembourg",0.372412430,""
"Chlamydia infection","Confirmed cases","Notification rate","N/100000","2013","LV","Latvia",101.145108890,""
"Chlamydia infection","Confirmed cases","Notification rate","N/100000","2013","MT","Malta",31.715300730,""
"Chlamydia infection","Confirmed cases","Notification rate","N/100000","2013","NL","Netherlands",-,""
"Chlamydia infection","Confirmed cases","Notification rate","N/100000","2013","NO","Norway",440.463051400,""
"Chlamydia infection","Confirmed cases","Notification rate","N/100000","2013","PL","Poland",1.066665680,""
"Chlamydia infection","Confirmed cases","Notification rate","N/100000","2013","RO","Romania",0.089909750,""
"Chlamydia infection","Confirmed cases","Notification rate","N/100000","2013","SE","Sweden",365.303378760,""
"Chlamydia infection","Confirmed cases","Notification rate","N/100000","2013","SI","Slovenia",12.045729080,""
"Chlamydia infection","Confirmed cases","Notification rate","N/100000","2013","SK","Slovakia",16.984436410,""
"Chlamydia infection","Confirmed cases","Notification rate","N/100000","2013","UK","United Kingdom",378.455059350,""
"Chlamydia infection","Confirmed cases","Notification rate","N/100000","2014","BE","Belgium",-,""
"Chlamydia infection","Confirmed cases","Notification rate","N/100000","2014","BG","Bulgaria",6.831659760,""
"Chlamydia infection","Confirmed cases","Notification rate","N/100000","2014","CY","Cyprus",0.000000000,""
"Chlamydia infection","Confirmed cases","Notification rate","N/100000","2014","DK","Denmark",549.719355950,""
"Chlamydia infection","Confirmed cases","Notification rate","N/100000","2014","EE","Estonia",118.405342980,""
"Chlamydia infection","Confirmed cases","Notification rate","N/100000","2014","EL","Greece",3.550900090,""
"Chlamydia infection","Confirmed cases","Notification rate","N/100000","2014","ES","Spain",-,""
"Chlamydia infection","Confirmed cases","Notification rate","N/100000","2014","EU_EEA31","EU/EEA",171.817723000,""
"Chlamydia infection","Confirmed cases","Notification rate","N/100000","2014","FI","Finland",242.989248370,""
"Chlamydia infection","Confirmed cases","Notification rate","N/100000","2014","FR","France",-,""
"Chlamydia infection","Confirmed cases","Notification rate","N/100000","2014","HR","Croatia",9.089177300,""
"Chlamydia infection","Confirmed cases","Notification rate","N/100000","2014","HU","Hungary",11.349180670,""
"Chlamydia infection","Confirmed cases","Notification rate","N/100000","2014","IE","Ireland",143.191287690,""
"Chlamydia infection","Confirmed cases","Notification rate","N/100000","2014","IS","Iceland",529.061537560,""
"Chlamydia infection","Confirmed cases","Notification rate","N/100000","2014","IT","Italy",-,""
"Chlamydia infection","Confirmed cases","Notification rate","N/100000","2014","LT","Lithuania",15.254094480,""
"Chlamydia infection","Confirmed cases","Notification rate","N/100000","2014","LU","Luxembourg",0.000000000,""
"Chlamydia infection","Confirmed cases","Notification rate","N/100000","2014","LV","Latvia",108.420419410,""
"Chlamydia infection","Confirmed cases","Notification rate","N/100000","2014","MT","Malta",22.821267550,""
"Chlamydia infection","Confirmed cases","Notification rate","N/100000","2014","NL","Netherlands",-,""
"Chlamydia infection","Confirmed cases","Notification rate","N/100000","2014","NO","Norway",485.711544890,""
"Chlamydia infection","Confirmed cases","Notification rate","N/100000","2014","PL","Poland",0.712822940,""
"Chlamydia infection","Confirmed cases","Notification rate","N/100000","2014","PT","Portugal",0.143853140,""
"Chlamydia infection","Confirmed cases","Notification rate","N/100000","2014","RO","Romania",0.075198100,""
"Chlamydia infection","Confirmed cases","Notification rate","N/100000","2014","SE","Sweden",381.736849780,""
"Chlamydia infection","Confirmed cases","Notification rate","N/100000","2014","SI","Slovenia",13.099896410,""
"Chlamydia infection","Confirmed cases","Notification rate","N/100000","2014","SK","Slovakia",19.036368320,""
"Chlamydia infection","Confirmed cases","Notification rate","N/100000","2014","UK","United Kingdom",374.198132700,""
"Chlamydia infection","Confirmed cases","Notification rate","N/100000","2015","BE","Belgium",-,""
"Chlamydia infection","Confirmed cases","Notification rate","N/100000","2015","BG","Bulgaria",3.540585800,""
"Chlamydia infection","Confirmed cases","Notification rate","N/100000","2015","CY","Cyprus",0.000000000,""
"Chlamydia infection","Confirmed cases","Notification rate","N/100000","2015","DK","Denmark",561.547710440,""
"Chlamydia infection","Confirmed cases","Notification rate","N/100000","2015","EE","Estonia",101.759109260,""
"Chlamydia infection","Confirmed cases","Notification rate","N/100000","2015","EL","Greece",1.814327430,""
"Chlamydia infection","Confirmed cases","Notification rate","N/100000","2015","ES","Spain",-,""
"Chlamydia infection","Confirmed cases","Notification rate","N/100000","2015","EU_EEA31","EU/EEA",166.864185000,""
"Chlamydia infection","Confirmed cases","Notification rate","N/100000","2015","FI","Finland",248.037511920,""
"Chlamydia infection","Confirmed cases","Notification rate","N/100000","2015","FR","France",-,""
"Chlamydia infection","Confirmed cases","Notification rate","N/100000","2015","HR","Croatia",7.857400480,""
"Chlamydia infection","Confirmed cases","Notification rate","N/100000","2015","HU","Hungary",9.791416440,""
"Chlamydia infection","Confirmed cases","Notification rate","N/100000","2015","IE","Ireland",143.726722970,""
"Chlamydia infection","Confirmed cases","Notification rate","N/100000","2015","IS","Iceland",604.375569730,""
"Chlamydia infection","Confirmed cases","Notification rate","N/100000","2015","IT","Italy",-,""
"Chlamydia infection","Confirmed cases","Notification rate","N/100000","2015","LT","Lithuania",14.000798280,""
"Chlamydia infection","Confirmed cases","Notification rate","N/100000","2015","LU","Luxembourg",1.598698300,""
"Chlamydia infection","Confirmed cases","Notification rate","N/100000","2015","LV","Latvia",71.497047470,""
"Chlamydia infection","Confirmed cases","Notification rate","N/100000","2015","MT","Malta",35.252029260,""
"Chlamydia infection","Confirmed cases","Notification rate","N/100000","2015","NL","Netherlands",-,""
"Chlamydia infection","Confirmed cases","Notification rate","N/100000","2015","NO","Norway",487.893818880,""
"Chlamydia infection","Confirmed cases","Notification rate","N/100000","2015","PL","Poland",0.957753240,""
"Chlamydia infection","Confirmed cases","Notification rate","N/100000","2015","PT","Portugal",1.436169210,""
"Chlamydia infection","Confirmed cases","Notification rate","N/100000","2015","RO","Romania",0.070455680,""
"Chlamydia infection","Confirmed cases","Notification rate","N/100000","2015","SE","Sweden",389.049131790,""
"Chlamydia infection","Confirmed cases","Notification rate","N/100000","2015","SI","Slovenia",12.022062420,""
"Chlamydia infection","Confirmed cases","Notification rate","N/100000","2015","SK","Slovakia",24.182173100,""
"Chlamydia infection","Confirmed cases","Notification rate","N/100000","2015","UK","United Kingdom",353.330781010,""
"Chlamydia infection","Confirmed cases","Notification rate","N/100000","2016","BE","Belgium",-,""
"Chlamydia infection","Confirmed cases","Notification rate","N/100000","2016","BG","Bulgaria",2.725830130,""
"Chlamydia infection","Confirmed cases","Notification rate","N/100000","2016","CY","Cyprus",0.000000000,""
"Chlamydia infection","Confirmed cases","Notification rate","N/100000","2016","DK","Denmark",593.841062880,""
"Chlamydia infection","Confirmed cases","Notification rate","N/100000","2016","EE","Estonia",94.380915900,""
"Chlamydia infection","Confirmed cases","Notification rate","N/100000","2016","EL","Greece",0.945867800,""
"Chlamydia infection","Confirmed cases","Notification rate","N/100000","2016","ES","Spain",18.222055620,""
"Chlamydia infection","Confirmed cases","Notification rate","N/100000","2016","EU_EEA31","EU/EEA",140.983767000,""
"Chlamydia infection","Confirmed cases","Notification rate","N/100000","2016","FI","Finland",260.984074520,""
"Chlamydia infection","Confirmed cases","Notification rate","N/100000","2016","FR","France",-,""
"Chlamydia infection","Confirmed cases","Notification rate","N/100000","2016","HR","Croatia",5.178170830,""
"Chlamydia infection","Confirmed cases","Notification rate","N/100000","2016","HU","Hungary",8.972090390,""
"Chlamydia infection","Confirmed cases","Notification rate","N/100000","2016","IE","Ireland",145.632321020,""
"Chlamydia infection","Confirmed cases","Notification rate","N/100000","2016","IS","Iceland",661.596432190,""
"Chlamydia infection","Confirmed cases","Notification rate","N/100000","2016","IT","Italy",-,""
"Chlamydia infection","Confirmed cases","Notification rate","N/100000","2016","LT","Lithuania",12.047533750,""
"Chlamydia infection","Confirmed cases","Notification rate","N/100000","2016","LU","Luxembourg",1.041216550,""
"Chlamydia infection","Confirmed cases","Notification rate","N/100000","2016","LV","Latvia",70.189445470,""
"Chlamydia infection","Confirmed cases","Notification rate","N/100000","2016","MT","Malta",60.832787540,""
"Chlamydia infection","Confirmed cases","Notification rate","N/100000","2016","NL","Netherlands",-,""
"Chlamydia infection","Confirmed cases","Notification rate","N/100000","2016","NO","Norway",501.043905440,""
"Chlamydia infection","Confirmed cases","Notification rate","N/100000","2016","PL","Poland",0.866537220,""
"Chlamydia infection","Confirmed cases","Notification rate","N/100000","2016","PT","Portugal",2.262765040,""
"Chlamydia infection","Confirmed cases","Notification rate","N/100000","2016","RO","Romania",0.126514470,""
"Chlamydia infection","Confirmed cases","Notification rate","N/100000","2016","SE","Sweden",359.404516300,""
"Chlamydia infection","Confirmed cases","Notification rate","N/100000","2016","SI","Slovenia",10.512608340,""
"Chlamydia infection","Confirmed cases","Notification rate","N/100000","2016","SK","Slovakia",15.885734750,""
"Chlamydia infection","Confirmed cases","Notification rate","N/100000","2016","UK","United Kingdom",353.538360080,""
"Chlamydia infection","Confirmed cases","Notification rate","N/100000","2017","BE","Belgium",-,""
"Chlamydia infection","Confirmed cases","Notification rate","N/100000","2017","BG","Bulgaria",3.238588650,""
"Chlamydia infection","Confirmed cases","Notification rate","N/100000","2017","CY","Cyprus",0.116986150,""
"Chlamydia infection","Confirmed cases","Notification rate","N/100000","2017","DK","Denmark",572.853075150,""
"Chlamydia infection","Confirmed cases","Notification rate","N/100000","2017","EE","Estonia",86.042101340,""
"Chlamydia infection","Confirmed cases","Notification rate","N/100000","2017","EL","Greece",0.789361780,""
"Chlamydia infection","Confirmed cases","Notification rate","N/100000","2017","ES","Spain",23.604309460,""
"Chlamydia infection","Confirmed cases","Notification rate","N/100000","2017","EU_EEA31","EU/EEA",140.461856000,""
"Chlamydia infection","Confirmed cases","Notification rate","N/100000","2017","FI","Finland",262.787925120,""
"Chlamydia infection","Confirmed cases","Notification rate","N/100000","2017","FR","France",-,""
"Chlamydia infection","Confirmed cases","Notification rate","N/100000","2017","HR","Croatia",4.669957940,""
"Chlamydia infection","Confirmed cases","Notification rate","N/100000","2017","HU","Hungary",9.420711950,""
"Chlamydia infection","Confirmed cases","Notification rate","N/100000","2017","IE","Ireland",154.460878230,""
"Chlamydia infection","Confirmed cases","Notification rate","N/100000","2017","IS","Iceland",649.329538430,""
"Chlamydia infection","Confirmed cases","Notification rate","N/100000","2017","IT","Italy",-,""
"Chlamydia infection","Confirmed cases","Notification rate","N/100000","2017","LT","Lithuania",13.940076630,""
"Chlamydia infection","Confirmed cases","Notification rate","N/100000","2017","LU","Luxembourg",6.602705070,""
"Chlamydia infection","Confirmed cases","Notification rate","N/100000","2017","LV","Latvia",77.790244270,""
"Chlamydia infection","Confirmed cases","Notification rate","N/100000","2017","MT","Malta",63.654553470,""
"Chlamydia infection","Confirmed cases","Notification rate","N/100000","2017","NL","Netherlands",-,""
"Chlamydia infection","Confirmed cases","Notification rate","N/100000","2017","NO","Norway",477.909566880,""
"Chlamydia infection","Confirmed cases","Notification rate","N/100000","2017","PL","Poland",0.679430760,""
"Chlamydia infection","Confirmed cases","Notification rate","N/100000","2017","PT","Portugal",3.230007680,""
"Chlamydia infection","Confirmed cases","Notification rate","N/100000","2017","RO","Romania",0.101812520,""
"Chlamydia infection","Confirmed cases","Notification rate","N/100000","2017","SE","Sweden",343.146323020,""
"Chlamydia infection","Confirmed cases","Notification rate","N/100000","2017","SI","Slovenia",12.875775390,""
"Chlamydia infection","Confirmed cases","Notification rate","N/100000","2017","SK","Slovakia",11.278037090,""
"Chlamydia infection","Confirmed cases","Notification rate","N/100000","2017","UK","United Kingdom",350.041769850,""
"Chlamydia infection","Confirmed cases","Notification rate","N/100000","2018","BE","Belgium",-,""
"Chlamydia infection","Confirmed cases","Notification rate","N/100000","2018","BG","Bulgaria",2.680838130,""
"Chlamydia infection","Confirmed cases","Notification rate","N/100000","2018","CY","Cyprus",0.347127400,""
"Chlamydia infection","Confirmed cases","Notification rate","N/100000","2018","DK","Denmark",577.995187840,""
"Chlamydia infection","Confirmed cases","Notification rate","N/100000","2018","EE","Estonia",76.792863190,""
"Chlamydia infection","Confirmed cases","Notification rate","N/100000","2018","EL","Greece",0.567908600,""
"Chlamydia infection","Confirmed cases","Notification rate","N/100000","2018","ES","Spain",31.905139580,""
"Chlamydia infection","Confirmed cases","Notification rate","N/100000","2018","EU_EEA31","EU/EEA",146.104083000,""
"Chlamydia infection","Confirmed cases","Notification rate","N/100000","2018","FI","Finland",269.157447760,""
"Chlamydia infection","Confirmed cases","Notification rate","N/100000","2018","HR","Croatia",5.188171060,""
"Chlamydia infection","Confirmed cases","Notification rate","N/100000","2018","HU","Hungary",7.976788770,""
"Chlamydia infection","Confirmed cases","Notification rate","N/100000","2018","IE","Ireland",164.230977520,""
"Chlamydia infection","Confirmed cases","Notification rate","N/100000","2018","IS","Iceland",526.330893950,""
"Chlamydia infection","Confirmed cases","Notification rate","N/100000","2018","IT","Italy",-,""
"Chlamydia infection","Confirmed cases","Notification rate","N/100000","2018","LT","Lithuania",9.149485860,""
"Chlamydia infection","Confirmed cases","Notification rate","N/100000","2018","LU","Luxembourg",5.980016770,""
"Chlamydia infection","Confirmed cases","Notification rate","N/100000","2018","LV","Latvia",64.516829430,""
"Chlamydia infection","Confirmed cases","Notification rate","N/100000","2018","MT","Malta",72.104115820,""
"Chlamydia infection","Confirmed cases","Notification rate","N/100000","2018","NL","Netherlands",-,""
"Chlamydia infection","Confirmed cases","Notification rate","N/100000","2018","NO","Norway",501.471121690,""
"Chlamydia infection","Confirmed cases","Notification rate","N/100000","2018","PL","Poland",0.811023870,""
"Chlamydia infection","Confirmed cases","Notification rate","N/100000","2018","PT","Portugal",5.956645530,""
"Chlamydia infection","Confirmed cases","Notification rate","N/100000","2018","RO","Romania",0.046074730,""
"Chlamydia infection","Confirmed cases","Notification rate","N/100000","2018","SE","Sweden",314.369952810,""
"Chlamydia infection","Confirmed cases","Notification rate","N/100000","2018","SI","Slovenia",16.062858020,""
"Chlamydia infection","Confirmed cases","Notification rate","N/100000","2018","SK","Slovakia",9.663575300,""
"Chlamydia infection","Confirmed cases","Notification rate","N/100000","2018","UK","United Kingdom",365.735508220,""
"Chlamydia infection","Confirmed cases","Notification rate","N/100000","2019","BE","Belgium",-,""
"Chlamydia infection","Confirmed cases","Notification rate","N/100000","2019","BG","Bulgaria",1.728561790,""
"Chlamydia infection","Confirmed cases","Notification rate","N/100000","2019","CY","Cyprus",0.114168410,""
"Chlamydia infection","Confirmed cases","Notification rate","N/100000","2019","DK","Denmark",614.528112850,""
"Chlamydia infection","Confirmed cases","Notification rate","N/100000","2019","EE","Estonia",80.312797210,""
"Chlamydia infection","Confirmed cases","Notification rate","N/100000","2019","EL","Greece",0.578110190,""
"Chlamydia infection","Confirmed cases","Notification rate","N/100000","2019","ES","Spain",38.541788480,""
"Chlamydia infection","Confirmed cases","Notification rate","N/100000","2019","EU_EEA31","EU/EEA",157.245503000,""
"Chlamydia infection","Confirmed cases","Notification rate","N/100000","2019","FI","Finland",293.244609060,""
"Chlamydia infection","Confirmed cases","Notification rate","N/100000","2019","HR","Croatia",3.679856410,""
"Chlamydia infection","Confirmed cases","Notification rate","N/100000","2019","HU","Hungary",9.342298110,""
"Chlamydia infection","Confirmed cases","Notification rate","N/100000","2019","IE","Ireland",187.715119970,""
"Chlamydia infection","Confirmed cases","Notification rate","N/100000","2019","IS","Iceland",502.813796420,""
"Chlamydia infection","Confirmed cases","Notification rate","N/100000","2019","IT","Italy",-,""
"Chlamydia infection","Confirmed cases","Notification rate","N/100000","2019","LT","Lithuania",8.875578700,""
"Chlamydia infection","Confirmed cases","Notification rate","N/100000","2019","LU","Luxembourg",7.167361140,""
"Chlamydia infection","Confirmed cases","Notification rate","N/100000","2019","LV","Latvia",65.053167550,""
"Chlamydia infection","Confirmed cases","Notification rate","N/100000","2019","MT","Malta",64.835207130,""
"Chlamydia infection","Confirmed cases","Notification rate","N/100000","2019","NL","Netherlands",-,""
"Chlamydia infection","Confirmed cases","Notification rate","N/100000","2019","NO","Norway",533.875153610,""
"Chlamydia infection","Confirmed cases","Notification rate","N/100000","2019","PL","Poland",1.100787580,""
"Chlamydia infection","Confirmed cases","Notification rate","N/100000","2019","PT","Portugal",7.658162210,""
"Chlamydia infection","Confirmed cases","Notification rate","N/100000","2019","RO","Romania",0.072111200,""
"Chlamydia infection","Confirmed cases","Notification rate","N/100000","2019","SE","Sweden",340.013401510,""
"Chlamydia infection","Confirmed cases","Notification rate","N/100000","2019","SI","Slovenia",19.078210080,""
"Chlamydia infection","Confirmed cases","Notification rate","N/100000","2019","SK","Slovakia",14.310821120,""
"Chlamydia infection","Confirmed cases","Notification rate","N/100000","2019","UK","United Kingdom",388.469946000,""
"Chlamydia infection","Confirmed cases","Notification rate","N/100000","2020","BE","Belgium",-,""
"Chlamydia infection","Confirmed cases","Notification rate","N/100000","2020","BG","Bulgaria",0.719271080,""
"Chlamydia infection","Confirmed cases","Notification rate","N/100000","2020","CY","Cyprus",0.450447910,""
"Chlamydia infection","Confirmed cases","Notification rate","N/100000","2020","DK","Denmark",595.610709210,""
"Chlamydia infection","Confirmed cases","Notification rate","N/100000","2020","EE","Estonia",70.881641200,""
"Chlamydia infection","Confirmed cases","Notification rate","N/100000","2020","EL","Greece",0.615754060,""
"Chlamydia infection","Confirmed cases","Notification rate","N/100000","2020","ES","Spain",35.967913310,""
"Chlamydia infection","Confirmed cases","Notification rate","N/100000","2020","EU_EEA31","EU/EEA",72.696864000,""
"Chlamydia infection","Confirmed cases","Notification rate","N/100000","2020","FI","Finland",294.645061290,""
"Chlamydia infection","Confirmed cases","Notification rate","N/100000","2020","HR","Croatia",2.981643180,""
"Chlamydia infection","Confirmed cases","Notification rate","N/100000","2020","HU","Hungary",6.387208550,""
"Chlamydia infection","Confirmed cases","Notification rate","N/100000","2020","IE","Ireland",139.008629370,""
"Chlamydia infection","Confirmed cases","Notification rate","N/100000","2020","IS","Iceland",491.028028140,""
"Chlamydia infection","Confirmed cases","Notification rate","N/100000","2020","IT","Italy",-,""
"Chlamydia infection","Confirmed cases","Notification rate","N/100000","2020","LI","Liechtenstein",77.425349050,""
"Chlamydia infection","Confirmed cases","Notification rate","N/100000","2020","LT","Lithuania",6.227430030,""
"Chlamydia infection","Confirmed cases","Notification rate","N/100000","2020","LU","Luxembourg",160.196004520,""
"Chlamydia infection","Confirmed cases","Notification rate","N/100000","2020","LV","Latvia",62.589277520,""
"Chlamydia infection","Confirmed cases","Notification rate","N/100000","2020","MT","Malta",45.669732040,""
"Chlamydia infection","Confirmed cases","Notification rate","N/100000","2020","NL","Netherlands",-,""
"Chlamydia infection","Confirmed cases","Notification rate","N/100000","2020","NO","Norway",474.031127620,""
"Chlamydia infection","Confirmed cases","Notification rate","N/100000","2020","PL","Poland",0.439958350,""
"Chlamydia infection","Confirmed cases","Notification rate","N/100000","2020","PT","Portugal",7.420423000,""
"Chlamydia infection","Confirmed cases","Notification rate","N/100000","2020","RO","Romania",0.025868080,""
"Chlamydia infection","Confirmed cases","Notification rate","N/100000","2020","SE","Sweden",318.467359610,""
"Chlamydia infection","Confirmed cases","Notification rate","N/100000","2020","SI","Slovenia",13.359664590,""
"Chlamydia infection","Confirmed cases","Notification rate","N/100000","2020","SK","Slovakia",12.495710320,""
"Chlamydia infection","Confirmed cases","Notification rate","N/100000","2021","BE","Belgium",-,""
"Chlamydia infection","Confirmed cases","Notification rate","N/100000","2021","BG","Bulgaria",0.448200460,""
"Chlamydia infection","Confirmed cases","Notification rate","N/100000","2021","CY","Cyprus",0.558031350,""
"Chlamydia infection","Confirmed cases","Notification rate","N/100000","2021","DK","Denmark",627.255440660,""
"Chlamydia infection","Confirmed cases","Notification rate","N/100000","2021","EE","Estonia",72.477497390,""
"Chlamydia infection","Confirmed cases","Notification rate","N/100000","2021","EL","Greece",0.421402290,""
"Chlamydia infection","Confirmed cases","Notification rate","N/100000","2021","ES","Spain",43.921209970,""
"Chlamydia infection","Confirmed cases","Notification rate","N/100000","2021","EU_EEA31","EU/EEA",73.933814000,""
"Chlamydia infection","Confirmed cases","Notification rate","N/100000","2021","FI","Finland",303.390459310,""
"Chlamydia infection","Confirmed cases","Notification rate","N/100000","2021","FR","France",-,""
"Chlamydia infection","Confirmed cases","Notification rate","N/100000","2021","HR","Croatia",2.849105190,""
"Chlamydia infection","Confirmed cases","Notification rate","N/100000","2021","HU","Hungary",6.577073220,""
"Chlamydia infection","Confirmed cases","Notification rate","N/100000","2021","IE","Ireland",143.957922020,""
"Chlamydia infection","Confirmed cases","Notification rate","N/100000","2021","IS","Iceland",489.978090630,""
"Chlamydia infection","Confirmed cases","Notification rate","N/100000","2021","IT","Italy",-,""
"Chlamydia infection","Confirmed cases","Notification rate","N/100000","2021","LI","Liechtenstein",84.496223270,""
"Chlamydia infection","Confirmed cases","Notification rate","N/100000","2021","LT","Lithuania",8.155439820,""
"Chlamydia infection","Confirmed cases","Notification rate","N/100000","2021","LU","Luxembourg",178.973736860,""
"Chlamydia infection","Confirmed cases","Notification rate","N/100000","2021","LV","Latvia",42.467263490,""
"Chlamydia infection","Confirmed cases","Notification rate","N/100000","2021","MT","Malta",70.141445450,""
"Chlamydia infection","Confirmed cases","Notification rate","N/100000","2021","NL","Netherlands",-,""
"Chlamydia infection","Confirmed cases","Notification rate","N/100000","2021","NO","Norway",434.898816970,""
"Chlamydia infection","Confirmed cases","Notification rate","N/100000","2021","PL","Poland",0.747885810,""
"Chlamydia infection","Confirmed cases","Notification rate","N/100000","2021","PT","Portugal",8.486877190,""
"Chlamydia infection","Confirmed cases","Notification rate","N/100000","2021","RO","Romania",0.020831530,""
"Chlamydia infection","Confirmed cases","Notification rate","N/100000","2021","SE","Sweden",290.684482900,""
"Chlamydia infection","Confirmed cases","Notification rate","N/100000","2021","SI","Slovenia",17.496634620,""
"Chlamydia infection","Confirmed cases","Notification rate","N/100000","2021","SK","Slovakia",16.209441360,""
